0,1,2,3,4,5,6,7,8,9
02H009,-15.174330990822336,-7.406943849084369,-1.4900779915136089,-7.740803764249858,13.07428564246291,-5.902363863030166,3.3302784162925736,4.977033583784193,5.7212381020241185,-3.2038696267068025
03H033,-20.838823000838804,-11.914918867276807,1.3945285187873409,-14.435784173615582,-2.606665457595786,-15.817085491093234,38.00811530951724,13.77286487003159,4.678750603621098,2.779538940385641
04H025,-20.476999466463035,5.424875815080407,-3.9952284399862124,1.6363338046628673,3.025318849547246,3.752991990620231,4.630580781989624,3.8587641793896688,3.46866036905806,-0.0819699641737584
04H108,-19.68687477830455,0.7772922774812594,2.1910608102702773,-5.127928302145955,-0.8894174732530984,1.0061556585300058,-0.3703232963927189,1.6778408019002218,-1.3398534660798886,8.471274285471807
05H008,-14.499897906468215,-0.15256655947757147,2.763416480549032,-3.0783906478524905,0.2075214904604411,8.694443412339915,2.355089618804846,2.795066943397498,1.8996871801090907,8.780565082342413
05H022,-3.0059351754483528,-2.6223050110909645,1.593144311568407,8.943829015381285,0.7467953082750066,4.164050081796093,2.3927877803971644,-2.980878964839335,3.8909529322834824,1.0182020551749198
05H030,-10.560474060328886,4.570634152442391,7.342055769223515,4.337250502587044,3.330512287622658,1.0000892496253697,0.5613225349651487,3.769632938718352,3.3476343496232928,1.8966652749087358
05H078,-10.111193514715087,4.855308866888157,0.41161772840729816,-3.843829163915567,-1.2759582485172603,2.0056870656321064,10.98596169932051,-3.755580302598678,-3.332832324900274,-6.070212563636664
05H111,6.367469048801105,7.248873871545906,2.0406120393089426,-4.043924013020129,6.251087886771769,-3.7357655291436798,7.490925878898068,7.948748942453074,2.726634649701569,-3.2305105960287728
05H195,-12.448953565261313,10.999433827805357,9.641603043368143,2.5421126913275653,5.721426419917268,-4.688663013728616,1.263810670399312,4.078417234245345,3.7928114185830966,-1.0935495538855706
06H133,-0.30306722717970047,6.565871631313383,3.023126443488857,7.114688373738119,-0.22585055349598784,1.5074916955935422,1.0960898264061218,3.3668273594490383,-0.05135135187215223,-10.700368161944285
02H003,-5.745290458812036,2.122638135573415,4.584048969751339,-9.659038108828518,1.5840402575568509,-8.946484476029717,-1.0975142546573005,-11.203172820558422,-12.638444328299531,3.8352448026350716
02H025,-14.246775977775185,-7.584765341177473,6.0589028701430845,-7.439992976935816,3.4209700689282663,-18.29127879799126,0.16019475543710604,-1.0096260637293804,-0.21029424348693748,-6.472930373014778
02H043,-15.844981301850535,-5.791802494875597,2.763367373391459,-9.07307531239062,13.871596122732246,-16.506281672754866,-2.4967785626485837,3.0101963903874367,4.856557194572695,-4.994473862914461
03H024,-10.525620522660894,-5.472465465995581,-4.7114865426810315,2.608344426959266,-0.6774711188466688,-2.60186977909518,1.4342302356298966,-7.93982870784934,-3.8661896282108943,-0.4449896979805281
03H030,-5.740379519445943,-8.633737102296653,-5.533414230706476,-7.925920096409526,-7.110260126010777,-14.076197095902032,-0.07553532257896733,-5.098313653663148,-2.2681722541639076,-2.435818653521503
03H036,-9.22496930867818,3.4719025522817972,3.790736064321569,6.353621776715203,-2.8742437376252776,2.7359693711888795,0.7598143464394332,-2.4001279022912616,0.8896175019221835,-6.4090567406403665
03H081,-6.628078374251591,9.324108989062399,-5.34019434866687,1.4549632429877946,8.14288032689074,2.2346220078913794,-4.448068489627038,-3.2698919293000706,-1.1977052466706903,0.4779589125338673
03H090,10.113737689004124,15.702521030488626,1.1379025313203472,-8.050204529606434,5.257262422120613,-9.041398165626461,-3.2519215535752615,2.2139737242314204,2.7470742269205495,-4.886033241385512
03H094,-17.774624235594324,0.6700226727963823,-2.2133099832408547,-0.8653127571307321,-5.668713615425581,-4.057573158399797,-12.261841020857446,0.20084899589634808,7.751639985175754,-1.362196424440143
04H001,23.496282808256982,11.646184226173357,0.17712298677345678,-1.8007442382567804,1.0962406708276142,-6.367084585427073,-5.110202854044781,0.9035174572534439,-2.566352042880874,-3.0242632410790393
04H006,-2.7135165703314077,-0.2087727969801919,-5.134953767968192,-14.236398243431616,-0.4508191699849003,3.0800970860139216,-0.3595620996187415,-0.4595076101227239,4.244735928880508,-3.693785701929525
04H048,-2.4897947554731865,10.607003237606447,1.6389474955126413,1.2611421140283983,0.04246333521717793,-3.872616100261178,-1.3980505965000227,-6.12598199262269,-5.561544942716904,-8.634848978647044
04H055,15.4801699258925,5.868145033662497,-0.019477056223556638,-2.796957876099803,2.592829270447703,-0.5367684407391462,-4.692760907166263,-0.20218718991295415,-4.711670656029778,-9.445789905870848
04H096,-8.745503696242961,-0.9706313246863069,-5.31165210468828,1.1526590879709637,-5.203920244852176,7.048349543743668,6.01273656847805,-2.890646473651345,-5.329644167658867,-5.73061113301183
04H103,-14.695042929669809,-0.9771342450001191,5.391173202312862,5.485055623863663,-0.013344928285415947,-7.340927716625795,-3.3962581668338525,0.49420747019955424,1.5457713024833937,-3.720435926544848
04H117,-14.475779418791086,0.5398762928075374,-9.186888820136069,3.577243631825416,-5.214938954319236,0.25224575741174604,5.877334203914535,-0.39625203740124126,-4.680348593218447,5.34532402870255
04H120,5.594446363316251,2.6469746951980815,-4.500104361338543,-5.9190596293001105,-7.992818380304326,6.768957225353783,6.306800296612071,-6.65912208927895,1.8751747551660338,-1.4694281113087209
04H127,30.833639454664514,6.721287018992272,-9.859605277085311,5.444979512544773,15.829051174070386,12.295806713076017,1.5711151447175147,4.960495038370498,5.478739307509257,-4.577958683383877
04H135,-4.550894778474637,10.427209501720922,7.849570663747172,6.143244401897913,4.063158221498779,-4.75709426577801,-2.850814766427316,-0.4520512364015643,-5.7036881720099935,-2.2466389522187016
04H138,-1.4940408551955247,-6.948579631771721,-4.258154397211735,-1.411235121147833,-8.87545732899471,2.873872987751838,6.6707877878478055,-3.9092905790445984,-5.800754539535,-6.007446222007539
05H034,-7.268030403633594,-2.943913969741119,3.477109100175789,0.937719232623625,1.105801817265818,5.058500862401425,-1.1782419780601359,-4.0701962508217475,4.918136361452243,-3.3264088814927306
06H029,-7.697853562637615,7.885975360537896,-6.288426142074336,3.0093494674150243,8.05092698824809,3.016565939854903,-10.875821859803313,-1.7165634057039199,4.777302934335773,-3.041900153690113
06H089,-4.546350158904572,8.983817683069802,-0.1474818715405266,5.555733719143438,2.704326181715579,0.09879366780980586,-2.433305337540666,0.28363807537560937,-1.5096402847015256,-0.9387013058586939
06H103,20.853510115578665,17.10708851858805,-4.254919972492836,-13.828164689344483,-10.480574178874843,-0.875494260988152,-3.665987848674812,0.3626993737560343,-6.259756596939676,5.799750097164733
07H060,-5.072572707407538,8.571318668490644,1.7632381601794584,5.272674789655488,6.006230653280302,7.968860787042858,2.1757750153112236,2.2689162285042546,-3.544266661571684,6.035157015643668
07H107,5.641090723938609,13.627072183810311,2.5521287454876505,-6.691872133164738,0.44541112577797026,-2.458994728671942,-0.9333811764440094,-0.31561109948717947,-4.294003737551124,1.6373149666328997
07H112,19.548915970483414,8.752782754144405,7.723757844477201,-0.03184687153890617,-0.39263331897342346,-0.07698212746455368,-6.179652383753638,4.03689722341516,2.183432389349584,2.863179567490122
07H125,-11.390079658057175,7.944027477987977,7.851843821391766,6.70520898139937,1.8059487391597049,-2.426252779966284,-2.022339661578304,5.046724108236364,2.5462125567808918,1.8585509365255413
07H133,-8.675184264357618,12.862955719304487,5.853686159824112,0.355525179119546,9.832365282989779,-3.8986811276758364,-1.246894345596789,3.192892278868708,1.4630998648433584,0.9167841191290322
07H151,-4.5749361251275875,12.450106875585792,6.593254891142696,-0.8660547346445272,1.2237586193724352,0.9382076029721336,-2.6158628466847524,-2.3642727933116268,-6.4066365404861765,7.517552686346431
07H152,-6.557874175141553,9.573105189621726,5.870845098449253,5.312124950546801,4.35646378857636,-3.7662930967804407,-0.02839085606235848,3.610983014252585,2.564597756205815,-0.1107800821859008
07H158,-1.1824035135073112,10.057903474622663,2.9841561451515624,1.759888902392235,5.552699956597852,2.2368741999074846,-0.9594097971166073,2.109637428650883,-4.2796045305780135,10.340791771628183
08H053,-5.151563010084614,14.128004114955239,4.424202310394517,0.8770321878013194,6.265988445567263,-0.12545529701513192,-1.0487674395001167,4.764909070379644,-3.0687586504388644,8.834167515928778
08H056,-24.865085267880787,1.4428087578307598,7.892521046431155,-3.1740380497974856,0.20862839116175178,-10.443108243810602,-4.213199434899301,3.6685760438297166,6.6288985849263184,-0.04289360001150988
08H065,-4.592681669352412,11.335662450273436,0.9541476655581493,8.815803091527748,4.424644035931383,4.1926344406684635,1.2985620292560156,-2.1822904619120718,-2.9494795875410533,-3.522351482655792
08H082,-6.2117030287002954,15.832348548596702,9.231168981404611,3.437128029938764,4.733237332773706,0.8384976274291666,-2.8614039520442325,0.8225772864662604,-3.7459812803567285,4.329615664510412
08H113,-17.903982008525976,2.7088596011358606,1.0139830514174017,1.760285578955473,6.106366197376015,3.029645304097813,-1.968000523602532,2.0783747516237083,6.255927048735007,-2.864873687832066
09H002,-7.762550704668977,8.491148276687223,4.80812680026115,-1.0731328460165201,5.676940935029807,1.3970879791884199,-1.8622007342786244,2.8642865753225912,2.524173841846861,-1.2215618972311022
09H022,-5.161733883562511,8.800656955479157,-2.7399540481819695,1.3931543111202571,3.7911807567226727,4.999567056409421,-0.7346537984409781,-0.37573553640247487,-2.783347942440303,1.633334195558993
09H026,-1.729768584444314,10.447544418604688,-2.1731659370560816,-6.429469313625796,5.805395143886123,4.267423671895564,2.2429186496750337,-0.8301186862704337,-3.799573903940111,4.350263296965426
09H045,29.018557393784036,14.694557838182464,-7.076146316322639,-8.168433879598469,3.2583994260223763,-8.740587983414201,2.0518089277777305,-2.885526590596121,1.5340483916972019,-4.995719741499519
09H048,-8.22240621614118,11.936940629847212,-0.2804140650497412,-4.41582691451497,4.232635656191869,3.73622951673011,5.272564041609448,-0.012289725814790042,2.031468432919089,1.8720142074045745
09H070,-16.084903686306678,3.5099127008113906,-3.5240156310053172,-5.2011773383388,4.385226885441286,0.9359443390525148,0.598044910011383,-1.9068940721937246,1.8648486117978125,-1.122535093230076
09H078,-9.914498520982685,2.4466424558919226,-16.620034815438533,-1.4040903499574213,-9.91755482715062,6.810230362791312,-2.0316852186414693,-0.8967733528739641,4.420337745586561,-0.9250113043923214
09H079,7.704334602819122,8.508316404018842,-0.8329911744032481,-2.5314398972912233,-2.3908192317548256,1.3874979874610904,-0.15717188972313,1.8607872835747925,-4.147184978934558,-9.237315292507281
09H088,2.651899049328129,14.923593742805938,1.7090101059578533,-1.9394686281215967,5.227247206423026,8.227095535685319,-1.8123411022198535,-0.5527722743250024,-6.495882086483004,5.061750108968651
09H090,-12.59771425365227,14.449183686336074,7.048856599956384,4.999229147586577,-0.7178425589884408,-0.5113921542247608,-1.8003729310373906,0.403464566959504,-8.890907792339402,8.4927435673289
10H014,11.644932978748301,5.151540929387021,-8.736937918346406,-0.6823206453061605,12.656579226490486,7.415406738987762,5.245389134055123,-6.71793610098756,-0.21541186950467472,0.9172467870844264
10H040,4.0697180147173775,11.27562894742585,-0.13250270319178392,1.945815385606704,0.3905832864679546,2.7215209109168033,-2.6734391586929247,-3.480876685460021,-0.08463005552634473,-6.160076205102415
10H048,-6.577970362786028,9.83058273046861,9.120336094703745,-1.481964865829811,1.322168533616837,-6.360267913965616,3.2390901809587533,3.706065018836602,1.8948896481211277,-0.8924292117582928
10H070,5.076689293636257,10.722338158361453,0.28192147819673286,-4.251151974182328,8.078281306015649,-4.965463654074117,1.4577976166025104,1.037499911164827,-2.7870806807826876,-1.5426439709277062
11H002,0.04956117161451573,-1.577272968847326,-3.336266610764093,6.81302959080779,-5.3936436815255755,9.341271424393966,5.373455904706196,-2.219141145586234,-0.6073730192887208,-1.210536453568035
11H010,-9.302593372766399,12.863868063502954,9.096358933915802,-0.45918057812639934,5.545206026203681,-4.650328840133387,3.0917384367145573,5.207759128578336,2.8825392375364847,-0.2049262068457316
11H014,0.19721682338359736,15.51475065751566,-5.198153024889605,-3.7848522560766695,-0.7735656744849858,8.251171471691206,1.7441352849185885,-4.359564030024446,-2.154074802228443,3.731595523488059
11H035,-9.898555502864923,11.506827350649655,8.02408415901846,2.2404286361706793,-0.4032624712721305,-4.028212649438667,0.5189947636611099,2.1356114311138934,-6.743558645118876,5.25435120211642
11H097,1.7643736119491475,-5.236709314536649,7.652086641370716,2.7589303809766097,-7.045828466815612,-1.3312644163428653,0.9374774172020711,-0.46232311364809536,-5.865483481097858,-3.8028335067777714
11H103,0.8084559477098153,-5.321659583727072,-2.1640920843910165,2.671187722413935,-1.9076140166552982,1.8155628400264048,-6.792730278994586,-5.645957662207351,1.5862952520698692,-0.8231060072464054
11H135,14.146440534937156,18.637132082660692,0.43267802548208434,-3.7200295479511727,-0.6060087211981813,-4.454944395727954,-5.6440214657281995,12.817945540716963,8.996145313838662,1.7446234221416137
11H138,-4.203999127195162,8.427673030579435,-1.8916188269814818,5.37989795152779,2.9120102406279127,3.818221248801353,4.416843980605865,1.449926051787096,1.1800316053585773,-5.74081544469262
11H186,-17.7794881396332,6.084824853882672,-0.9909496082077365,-3.066814912390547,0.20769667081460041,3.9185691849012834,2.5105922805678684,-1.6909993435439366,3.1783982517309592,-0.6000226195312778
11H232,14.60523754851229,9.253922704102427,0.777199718903695,0.3181636011494159,-6.19731358026283,-2.0547275691159745,1.9681588917121138,-1.167314663109808,0.14961664624471616,-6.634542196573521
11H240,-3.570513373930645,-4.568656247904502,9.004304397616256,7.409001779599414,-5.753381091607633,-1.3163234684298208,0.12605818330487725,3.000236983978999,-2.714404620926412,-5.886314268488864
12H010,-20.658618021930405,-0.7221009101616008,0.8203038749130498,-3.078848968795449,0.11942210022026739,3.062111353182403,2.397615254383122,1.2450486809901584,5.060242102193053,2.8260019119140347
12H021,-2.3349395100102064,-2.460147035680761,1.723874768267053,-0.06523733885570532,-2.524392045293806,3.8603630602714927,1.0974951336638568,-4.340709505287237,0.5686682307531377,-8.817546665248335
12H039,0.20216216438996515,11.00243470565108,-1.7641952306487838,-0.11701639768140776,-1.9915158862028575,-7.206106656285048,0.004675600290434845,-3.0105704006460345,-2.979604185397201,-4.322169596304413
12H056,-18.73701124653112,4.772858121243266,0.8952924472879079,-4.863711040466437,6.142237440546442,-1.5817701096425916,-1.1213799618183151,1.1603805057638104,3.6504033997187153,2.373422664236985
12H079,-3.0666396044014026,15.797582059031981,3.79310654841196,1.8317301739255627,2.347315582214246,-0.49934076948112316,-0.8718814422369427,2.7927638920505142,-7.602300136316437,8.146297453933805
12H091,10.381883068191545,5.894503320143159,-2.9186917886325867,-10.951477889393095,-0.15487441027197105,7.045298377857495,0.5202496894324061,-2.6487499458319377,-4.2377599165558575,4.743880361358202
12H116,-0.3574096842896449,6.353427345752108,2.4989191712478265,-5.689524534802622,-2.355650329843216,6.90111770152361,-0.13928244483433416,-3.7232049345317932,-3.652163831142712,7.355164042760055
12H149,-8.621741972573872,4.963815282253605,3.986612900593624,6.478686639063541,1.424661701560916,-3.4666020785735308,-1.7916003092665878,-0.6484017405759348,-7.430345516572621,-9.954391479898987
12H171,-14.287814680573465,6.360862088913941,0.17116244713778006,-5.890463335469654,5.807565062098259,4.227338385574505,1.2995819381066207,-0.27890566171249775,2.170588520847827,2.749717258656783
12H172,-13.156486460015007,8.715075782969647,6.898382723531228,8.011459183553061,-5.465894547088413,-3.808511044458537,-1.8264287239508168,0.8247861261975284,-4.687589858767166,-4.063840734642012
12H173,-15.928378521173439,6.2086499820154035,5.8784773017059875,1.5899146403206201,4.786911350888854,3.5973044804204832,-9.317226397481946,-0.156989173473646,1.8021767007806584,3.6763818779413207
12H175,-16.793121970554587,10.743053706625147,4.786391556871088,7.3888939722718145,-4.286425139875559,-3.285071113106654,-2.5860327941725743,-0.1415990714926374,-4.512158772303829,-2.271624267367439
12H176,15.805188353690195,16.285841392257947,5.302486300729419,-3.786351048232829,-1.6837856446339887,2.5624153487142256,-3.377964338828251,-0.9592033405165313,-2.8259404817814735,0.7760131815895179
13H039,1.1054968223517698,7.724182639999725,-3.584986930243181,8.96729889251166,-0.5250447694649263,6.645181748701247,0.9935363550985624,-3.259552758271679,-4.892782297021574,-4.291875643011018
13H048,-3.8225403990950357,7.380254850570204,9.30276082418869,10.216877666408104,-6.185268991112096,-5.751727456802086,2.1666268148744123,-2.5871880268859337,-5.82473746055654,-7.676162067456689
13H056,15.684857587525197,15.247821020771708,-14.355325558463216,3.1089445236163993,-9.06151244601745,-10.462658891771039,5.086462452682985,0.9922468862288183,-3.241296197446175,4.418188394250867
13H073,-9.651940731061996,5.009376822491738,5.434244333781466,-5.216572666788722,4.822362337289902,1.570944923511317,-2.258068753642403,-1.6088308478623776,-5.47821525219583,11.900754137073172
13H080,5.087111483644213,9.0315639557599,1.830940914316391,-0.08936753286903987,5.099233505780878,3.3653684096921164,-4.585636002335033,-6.201109324399381,1.9430174883594495,-9.44114366493097
13H083,-21.56333048288151,2.1909338512293903,-6.40542730146259,4.034121064805498,-10.388171320033129,-1.074105899307618,-0.022471092088098055,-4.478950923847809,4.293411874753367,-5.457722326839881
13H139,3.029198341524566,12.781405703817635,4.774620253971307,-0.8290776332989382,4.378574582538105,0.138675929174519,-2.5702318983386943,0.6200992042238537,-6.4735883493148,7.1979423345935665
13H150,-3.165982674546118,4.945162691974605,4.7888485067358495,-6.854629855553317,7.058956436585772,-0.7678928961668754,1.0972368096910305,-7.0544661446001395,-0.8862528483625265,-0.8159503404841048
13H158,12.163872177839108,15.850297093914433,-7.23891925714368,-2.8019079912082203,-5.3939910661971755,11.931128321303653,2.6087869859910713,1.0488174546044786,-0.6417035099098436,3.5591728075216906
13H169,24.541260813430544,10.896086660419115,-5.727120343302856,-7.71064692646587,-9.494557871726865,-7.762229515836385,-7.248889748142472,1.0825868378088792,0.7809646151051424,-7.3929679995726705
14H001,-17.652800292952215,8.549767466000862,11.106587512227772,3.0043326415853153,-6.4553591780185915,0.9987787437333704,-2.0756039913498063,1.041954719089383,-5.246792920908309,8.595747111637992
14H012,-6.463213935711007,-2.1967932233506606,1.4547916268899108,4.8755241414945765,-1.3105427515444439,4.547334418444141,4.0342640933159,-3.236446723483931,-6.723593981764278,-9.17426074772091
14H017,1.406715850768355,9.25163533117326,4.698322829718432,10.443634007416156,4.289367058994356,-7.100839151864198,-0.77293327954133,-2.192945716786724,-11.919740918803644,1.2753662295883261
14H019,-1.0835208852603793,7.849434998141075,7.6399989764912695,-0.6776877430315709,-1.0611742837910374,-6.312241599008886,-2.9915606172948896,-4.369557260207437,-2.9143521742262544,-4.797118206540712
14H020,-10.755058527866302,10.66207462884617,-2.833674648806993,-5.3414478773086325,-1.126416303631951,4.973753141163915,0.9820172889871047,-3.1529340394378833,-7.989615451962478,5.492958440132917
14H027,-3.4322121692831,2.3180119571620383,-0.7924805794618794,5.036434954453648,-6.247098366592326,4.250471040944086,6.35307925364538,-2.1013970687179664,-9.15479992601544,-6.725670677634724
03H016,1.0282137569066372,-19.009624576618897,4.552253639097288,-13.969421186726738,-9.303766950198515,-1.5696138130211414,4.304497721285686,-1.9726165034625027,-2.3878919204544955,0.6450798045682022
03H052,-4.844923747773426,-26.78599027342839,-0.35398303421104127,-13.505715596159718,0.4198342657689852,-2.7787962783771816,17.824694030398064,5.857282381751553,0.26801951568322296,-1.2206713359564594
05H143,-12.361496886523673,4.203045677265263,11.570407628331406,0.6917714291341994,0.7906705315239213,-5.664067935635891,0.037736300048591354,3.5956590051002824,2.8195401130680007,-0.29632235871747714
06H010,20.812036506099666,4.350339859914785,2.715849692425299,-8.04382401947543,-8.551333239851624,3.909256633724185,-0.3909163462896078,4.910165124654436,4.981554613024935,0.3870961194749286
02H026,-3.0571223918378196,-28.221028545638422,-8.985257369582897,-11.098729721646583,19.665725485146428,-2.2773972663979043,-7.790221213555867,4.351394392288025,-5.9330564542770325,-8.006785616508413
02H033,-11.621021628448629,-24.996784464727686,-3.7889391709533733,-4.231284998895817,7.211014253169955,-1.1353348615815837,-3.675282940194395,3.283187683198413,-1.6758926521328643,-4.2727481481233305
04H111,-10.670409582513923,-10.762188061337806,9.306028490085968,-2.582544199828693,-2.093769827806643,-1.5499546967935633,-4.992308795676149,5.370814512877722,-2.5133525856290926,-2.5192411052154795
04H115,-3.6325761386243185,-6.295090204186881,-5.63708062300118,4.068509971735951,-7.9456663636852785,1.8802760642752245,-0.052997916369110276,-1.1101485739908497,6.503963952284102,-0.5445193040289376
04H118,-12.691412156407136,-18.368644759154172,-4.189694656072377,-6.767918245898607,6.000404763907024,6.537657963759295,-8.371932866715158,6.627907805986171,-3.2515254004158765,-3.34487561395399
05H013,30.635042240826593,-10.452864290562488,11.358030384170739,1.8948150610421388,-3.2672426889525403,-1.8035723941918729,-0.38443691081363507,-0.34074852675250544,-2.682170178325391,0.04418113461065687
05H065,4.551041011877384,-10.834813355266231,12.128704530437698,1.485128015508937,-0.7065478917432865,0.6390786803474666,-1.103300781164719,1.8109918854858706,-1.8739160622763644,1.4422994897138717
06H016,26.01775314167947,-12.68258438767805,8.591594743305318,3.1292656834993884,8.12754014566867,-2.5041325459650605,6.016643978697234,-8.370043721825386,-8.244874221483794,-0.6163843715202382
06H073,-17.765296883242133,-2.2124910056893263,-1.9979259852080435,2.4140531402389134,-1.9271218869984255,10.52966514496265,4.414871067848846,5.092079669416256,-5.689769967404321,-1.5502097950460132
06H074,-0.30496371048047966,-9.722427297388798,2.6923562543725397,-12.807745119695344,-7.115708883720218,5.923027962276563,-5.014127550684335,4.853136691979902,-6.234288663192216,-2.6747595768240453
07H055,16.216691139759796,-9.643707805082855,5.493704162050745,-5.485468976868313,-0.5055870910139147,8.6289400356433,-0.7641542929052703,2.971033459018075,1.6004295308961165,-1.3071101349273253
07H063,-4.747761800829187,-17.85619651650334,-0.3319686077083881,-8.917212602239148,5.820190412516507,11.203385862813589,-5.1998749600622745,7.547013630794741,-2.786192236501259,-1.7689645990045508
07H089,-5.284130600421344,7.510797153282919,8.078306259053104,0.7279807327702759,5.392473625227518,0.3857773745980746,-0.37008452426156396,5.543129097993054,6.354997630162175,-0.6803891189498827
07H134,20.72604035775051,-7.732818491681188,12.609991477122197,-2.849359009999361,-1.4815702844895666,-1.5268463260745224,-3.0368134254618373,4.325573161656699,-0.30914688411325797,-2.9854001366022307
07H155,4.51067214453359,-16.627229428469544,13.084924544474433,7.079221511851214,-3.1347929889787762,-3.687263952377937,-7.672852181273521,2.210298513162934,-2.377006832432043,1.6279617427517044
08H004,25.540552697449037,-16.734375694196867,14.737765980372217,9.570810149250644,7.154008537817683,-0.6134812287987812,-3.0698532171008903,5.933105025939112,-0.1157376921796982,8.282798524335306
08H011,-3.5068465550400445,-14.002310067065991,6.523041950930063,-10.34848590913561,-2.8267265971597877,3.7209846534031246,-2.5075356456595324,4.875724772526874,-10.151031154942281,-0.7396346862678878
08H049,22.792626009613677,-13.979885222044352,15.68849841334874,2.2208201007760717,6.506211338889206,-3.5953740646602106,-1.166499881487838,0.4747576641312712,3.4745548151977523,0.7138859734217357
08H063,7.0404248520660495,-16.252124716811405,6.384909108208548,-0.14879070489770052,4.431791006875885,7.2863234724610475,-0.8439785567010611,2.0360288813144662,-2.023636260356582,0.6773443544684554
08H089,28.74840762324009,-11.52770280962992,1.1564091856369954,-10.183814772652108,-4.904458348782368,3.9427339003490824,-6.783116270624637,6.911045772395723,3.9389213702408834,0.5993765694534886
08H104,29.999098506825757,-4.083758487069331,6.622144707824196,-7.640286594538964,-13.300844624935372,-1.4614829033400387,-10.409774258228763,6.889501840105969,1.791827740769845,4.109155405577358
08H108,-0.4750625945790468,-16.662511030033073,7.245963381093389,-10.33061576584515,2.7516133099445397,-0.24539964646218848,-6.604842456501839,7.763255882172419,-4.65291513123726,-1.995517425861309
09H008,17.65792352390934,-14.426703046418128,10.262224439753695,3.45870955089409,-0.27170615570076806,1.8182183709925952,-1.6472871168401226,2.552283178022406,-1.041524522259493,2.8186156877869237
09H024,6.933978509052693,-16.187369659740934,8.861078679801569,-8.106878321950596,-0.8283077649434601,2.0617573302291072,-4.051486879311285,8.648102946820405,-7.131653379933791,-0.06338992426943618
09H042,7.580061959320423,-14.40609405881293,3.2639010840842406,-13.873150903719417,-3.2519575057031886,-0.8432939556519127,-4.105296872965213,-0.8064686651885752,0.21114208593673148,-2.9155844460753366
09H102,0.948553082494085,0.18608845707324506,0.5641136515087236,-7.2504557796290285,0.47952429051886947,10.166854942006557,2.3252324187818463,-0.03357902837502813,-6.737747235647546,-4.246814989718524
09H106,10.897086267211197,-13.837416024669455,17.10139237456528,2.558651825160517,-2.9504778488194052,-3.396956845975745,-3.021462399326506,0.15664851125491575,-1.8454980465075759,1.320155035918174
10H026,5.723998118450992,-12.30232661812604,9.73794390904111,0.9535613793989139,0.35420121814980715,3.8986505789253045,-2.2115699015883283,0.6718853971425696,-2.900136086361177,2.2599840118597747
10H029,23.565694196149195,-11.198828396575719,15.169931561104605,1.9988913244128832,2.8740714979709137,4.5136612505980995,-3.414604490201041,0.9046522070291518,-1.11993424052605,3.455421422550736
11H192,-6.082454880701648,-2.322016480609015,2.092922630207038,6.3000313618719215,2.3777242359339996,7.424529818324581,-5.747152942966352,1.002648945956353,-0.15648986830518333,-5.282922997597975
12H096,17.391296640050527,-2.9657843960911587,4.136991892485182,-7.6002755909256114,-6.984782657711582,6.998573344381343,0.047558383707335006,9.09675681971391,0.17253715526419947,1.0231011844638394
13H019,-1.0724197714944088,-14.696445563355331,4.884062642075364,-5.850304327307343,-3.7993001275386513,6.1276668971846355,2.122456019824143,-1.200064467146561,0.10086747930216591,-0.13798204715940132
13H141,2.285253615690602,-5.94463737201349,6.996381449958241,0.006825790055097203,5.370300051337846,6.554711128407878,-4.944770271248477,5.4588765383517766,-1.0169173011638206,-0.33146646192548623
13H185,6.737972831635944,-1.3897338569314144,3.952894945304761,5.472023043970129,-1.8835112856200007,6.63942582705012,0.41465251816244836,0.7832883557533691,-4.39855180143507,-8.209432528689565
14H031,0.9034394834890779,-10.111202837083193,-3.1902371476328217,-11.475915346701276,-0.9049210616981682,5.232353948789482,-3.121657025863077,-0.1185038840012792,-0.17085130541598464,-6.044661904633933
03H028,-27.9264366840951,-11.84004461888509,-23.775943585117084,-5.874164781887476,-13.937513414618492,-11.775616725095166,1.2544266752792326,4.146870952717982,-11.072083048059467,2.44115598953115
04H017,-4.806276187019135,-14.97643952240859,-21.235392586597843,8.661399701716483,2.365467759842655,-0.30688711862918505,1.6812509480816415,10.022276466591046,-1.6856675595877162,2.405789624551941
04H039,-0.7045044242578582,-15.52169479831736,-17.53568656811308,-3.0014412520406273,5.5524527642476755,-13.160839615029486,4.731223372744752,-5.227279862322391,-3.1547846930169734,-1.6047934835417708
05H097,-4.639732582972272,-2.0315023629262106,-14.363819750726817,-3.1076020554995623,-0.7978163231092632,1.1890191731761226,-2.2044168084635363,4.14531127250379,1.2381761898848889,-0.3807991134955447
07H024,23.83731661038607,-6.606972992479739,-20.8714626198578,16.88342594674812,14.51843674585696,-6.101019010594502,1.1814956054827241,7.103977390517278,-7.953716253737902,3.8321747783714817
07H034,-6.898137265444178,4.179663814384904,-19.908376823933484,-1.2287681018144259,-10.543763910228623,0.5566086634505729,0.972150229380229,1.3616683360982922,-1.5923726698248175,2.851411457174024
10H066,15.409579741689509,-0.975136558224778,-13.112572508034052,17.61421774560439,-0.8955840716172396,-12.062794529478946,6.71794376169183,-1.2417864181727412,-7.6436575758480085,7.5670493428951815
11H183,-12.284826013432376,-1.2318465844907662,-22.483447018493603,9.461073610105215,-3.404090171459176,-0.18703250875644095,-8.147359021020524,10.491473743864422,-5.944534777363478,0.3975995246351362
12H067,-11.47715404565653,-8.15985815143129,-30.170556175642048,7.818733767077189,8.591745590613895,-0.305974959810583,-13.059352966411991,21.131805267764054,-9.61284879892547,-1.6935565491002629
12H117,-17.98242290681376,-4.183792346624892,-23.0296971590711,7.654652991316037,-3.4988022804052648,4.697845608521661,-13.511799455215648,22.046390069995585,-6.454385812943424,5.1927632706245666
04H078,3.0388205287794667,5.951281611648485,-0.9204907901193764,-9.398851397423178,-1.2004664789299995,5.73803292602789,6.712423908097181,2.0135500626687017,4.15378078568453,-1.114609585581233
04H140,-16.723475855163763,-7.6168343527842435,2.341993385651628,-5.115995234327794,-2.685695340006556,1.7750477455569431,2.754287935041206,2.166683383817955,5.634359089087549,-3.1681502968943165
05H186,-3.294599605013063,3.799824194069452,2.3018451743671635,-1.1681059811319467,1.6291357001959847,9.960251724767835,1.9919208121375167,-2.4478184204407585,-3.3145031161718386,7.3973315755139115
06H011,-9.341869297110001,1.0954978629470775,5.546174266574899,6.697771086190792,3.064924024636015,6.6386274175894675,0.5356550486898979,2.8822265380512384,4.918697444554508,-0.2288961348424397
06H146,18.333639766593457,9.160913751965976,-1.33098738609937,-5.061356009884477,8.195409103179486,1.6655667801746736,6.837259749478283,4.565051727987946,3.557253730794766,-0.9104440944460659
07H005,-10.001020083291724,9.091377289647841,7.31007406160418,-3.1922376333165667,3.724006541325383,-3.9674386292027135,24.518673129805357,23.130766977921606,10.525005040042933,0.700021711826843
07H009,23.31164327892348,-4.8333022445680704,9.473527145201004,-3.2165495459108095,-2.8774482741199074,0.8057675943984187,16.690098735719143,7.700606612124681,2.9300677445476215,2.29695733186031
01H002,-4.785113293718439,-12.982015729956531,-11.312248548155614,-11.216336640138607,9.525380985687013,-11.32306535095485,-0.7882323569026988,-10.747344866418954,-1.1520141097380234,1.8174745309205287
02H046,-20.895861332912016,-9.88410983097444,-3.256255158673345,-9.982196802074439,4.052836652822682,-10.15860001313626,-5.764337371347457,-8.967817285304339,0.36804964978400956,5.468361732852498
03H022,2.9210544004182886,-11.414108969265616,-1.1886475093538267,5.258040991942859,-0.6568831491408249,2.5623455369057497,-1.1072864618601699,-1.36297228133423,3.5579775994837783,-2.2914665911540073
03H060,4.304739867843949,-18.953677088894498,-11.084266915937091,6.245183215751593,11.069321680041053,-9.99710773346968,0.6672470652823361,-5.988627524243445,-1.9211827497268996,-3.617555642526338
03H070,-15.671201301056941,-3.1834735190578693,-4.603941786706983,-3.8726802384853367,2.552834709821484,-3.952582046815019,-4.036465248731859,-6.426549611595359,3.0844598628026776,5.827104877305158
04H054,-20.387600560525136,-2.1204831508176833,-9.641628977531994,-7.986330142934229,-5.381725227576622,-2.0101906966145515,7.659196935350358,-9.061697606481896,-0.3642532653771288,0.1587866804460138
04H068,3.9000146041832897,10.022988527353926,9.556035607490589,-5.31664172470644,-8.660591791428669,-0.568412669449401,0.6935111596575161,-2.1719853509915517,-8.215984399166627,7.265517549214405
04H101,-0.474001588023786,-12.958285403908732,4.911622881069473,9.549076210764852,-10.423418585777322,-7.819453189151018,-1.2145763928050044,-2.7397168441086497,9.817866933276393,2.866260778964099
04H123,-15.987745276563507,-3.193925220537498,5.838240905120195,1.195548864952724,-10.840704395911493,-10.064889485733302,-5.577209737812018,-5.298154334680934,2.0789642447522407,4.467526904718445
04H132,-9.563885197568059,-3.324758351619713,-1.851943758625537,3.567299642668197,-5.140433816958296,-2.1616270360609637,4.635030853058877,-1.3425096941442671,-2.8441076563006535,-1.3001336249386601
05H031,7.630899858561435,-11.796791190916824,8.859006583186646,12.227074521847761,-5.670544006679982,-9.356485245866853,-1.9213837673441727,-2.5186166015335223,1.6592252139177364,-1.3524869599573697
05H054,0.3115765153284995,-4.184551165110901,4.319196333070607,1.760995994743781,3.817874394409624,5.235684363865868,-1.087345722410018,-5.369484851867135,-1.4943049561661672,4.854099083564056
05H072,-9.745336466746071,-1.254059399213958,-7.7106459322011185,-10.281711797637701,1.000703054747913,0.27331529385578324,-3.19914780394106,-6.488716734260005,4.85805147132639,5.910418310258987
05H090,9.613701600397748,-1.031102838532787,-2.605300382662153,-6.031865991915118,-4.874200613844279,4.06914041250513,-2.706783054778218,-2.8045012797183935,3.0690163326285633,-7.646126225592187
05H099,1.102070907072295,5.156580599667885,-7.72093589626906,-5.002191367443241,-7.898054321567759,1.2301820567237267,-2.6180650399208236,-1.8891121092589462,1.7862487440259969,-6.630280497641939
05H180,4.281513959423213,-8.711217691630768,3.663699742170381,7.726187604588144,4.364424501680029,-0.22357770398328572,-0.8485782731359235,-2.750225894605614,3.743266204189983,2.0776321951187904
05H193,-8.420506794381986,4.989425705033624,0.7471639973073453,5.1015763029241326,-1.3120452359045847,-2.0301686948121085,-1.0420664273513052,1.1242210284243044,1.560556399452853,1.0143144430992008
06H004,19.57451497300204,-14.832757674379717,-12.806777128679254,13.61210075729183,18.287264000558118,-1.6501445061845674,2.535195919677541,2.6770759059434073,-0.41128547996149634,-0.7454914434204336
06H014,3.8051965801384715,0.7427333813774838,-8.466201145111995,4.5609984905594345,5.808826461527155,6.343545348408852,2.1889931195566787,-4.120617580028903,0.00879873141383894,1.820119107862379
06H019,2.739871707870289,-4.083353730226696,7.696569019827635,15.37595267568938,-1.2270018783586745,-2.023384804036813,-2.8112184712364283,-1.04205869806784,3.5169278964145216,-1.7333892036258711
06H021,-10.736008813082805,-2.029734741057463,2.235867938758796,2.7589418167455904,1.1508697614946892,2.0963576911404505,1.8986505863511007,0.11642309414934882,2.7948105671668526,1.0176221124901093
06H026,-12.911399927079177,-3.5279788231199856,-2.1055672199630977,9.050662913741816,1.4370229240801973,3.7462743240536964,-0.6996689819059847,-1.4329000553645719,4.047215217178124,-3.6269328056815513
06H038,-1.6849634455226756,-4.2966314512139245,1.3778301696024886,-7.318559542570558,-1.662064810440286,1.0787943690571493,0.788538868484858,-5.068678179709585,3.30791115614094,-1.2643261832317325
06H048,-0.6428720370291925,-13.619789094975157,-0.8915615474919396,7.2277016466164605,-2.7073151260690915,4.494120951801605,0.6259867841047309,-2.3871258151829133,-0.7805277930461205,3.501609964808526
06H075,8.535035297045228,-4.005174301790757,-6.39431481999046,9.259485067114273,1.5522388262220614,0.32348001689488504,6.2787134003731495,-6.559040679328563,0.9678826332386373,1.9959004540800005
06H077,17.439802123666023,-3.505461637739375,-6.548239560193485,-11.933435269217131,-6.551438806675372,8.338476759173133,-0.46083918378792144,5.336063003557008,0.8762271931303225,-0.595745927531824
06H099,1.0609512704241941,8.82791050604235,-7.955720010679099,-15.097571215155863,0.7415981898937108,2.3139047030537045,-0.25554184073387043,-1.1293884706359907,4.395691391806878,-0.4697585200477432
06H106,1.0551124875515825,6.5905911659463925,1.7496913122325042,-6.088674041487193,1.834700918437586,-6.263846527977792,4.707075287385608,-3.7659528384344747,-2.8878866461451413,-3.1033663749846925
06H143,14.35019077009763,-6.09746574733885,-2.270335707874233,1.4347658183302245,5.76247403535328,8.342070426564332,4.356263776719057,0.10770541626758584,2.9870309269443656,1.2458426274353576
07H019,-11.38410779708218,-10.233648021434606,-0.9664812983558245,-0.933598982599641,2.194714715511539,4.5855103937018065,-0.9569465605756788,-2.5205065461317693,3.0416993800638026,-1.1887190051241676
07H020,2.561229958684125,6.685036372464677,8.197001730435382,7.12047063140466,2.4487558519530315,-3.066122426900316,-3.1676858801942873,-1.3800141934921641,2.1814748739946612,-3.935544805112233
07H043,10.360799904400292,-6.589412924252667,-3.4148954827855236,-4.756849868520311,2.9968061378841457,-0.7441527496851924,1.435998871877842,-7.537082212284593,3.8618446650339444,7.435586822804064
07H082,10.766819397153082,-0.15896489054622054,-15.389447639106084,-6.420743932568758,2.442918375807727,-0.40592164790062535,3.0587240863492022,-4.324565281341982,2.568199934058087,9.846073471846866
07H095,-13.556111718894403,1.4889904826257794,8.09012244885156,-3.4889598899119134,2.3137269548690265,-2.165477471773259,-1.3285156499844608,2.111030547443688,3.466228080887536,-2.3827270769766624
07H098,-8.296972367386463,0.4478288774110181,-7.60031519749049,0.05028108673015172,-0.9814422202986115,5.115655567786716,-3.1281118034207056,0.683580616030345,2.1159570165543684,-3.085775966634272
07H106,21.777601163515683,14.927173624632035,-1.22709307533532,-14.29199513526817,-2.509485152555339,-0.9256705569263541,3.3130568459688154,-2.59887446006899,1.4264271429176083,0.6733160217446531
07H117,17.347500775073087,0.46169637057830915,-12.908746438515834,-25.31845798685892,-3.356138001056676,-4.860114506870448,-2.1480679784689043,-1.3009802466067244,-6.3651199068698245,5.727585126789943
07H124,9.167047659852912,12.37254039853243,-5.590147587472573,-3.068893827769041,8.826379040673842,1.0208947801675397,0.314689345605995,-3.449247754606131,-2.630073621182408,-2.76448102830406
07H131,-10.00656700509196,2.1372375900996285,-10.694652253455569,-3.9308841155968466,-3.9918983313408885,-7.415481983168338,-3.2697094998097,1.7283784247217078,-8.700204739786791,-0.8359648395520223
07H148,-4.030902772018092,-5.215596532292958,-8.936134224555264,14.764492286876946,-3.3504857063834237,4.660283979808911,-0.4937561298689641,0.26864330085708266,4.764372062297909,2.952599892523726
07H156,-3.9226730488394526,-0.7219435369270624,0.16539346710138725,7.066190909544135,-1.7273179094536304,4.550373829114317,-0.4690984570339495,-4.1060464561584755,5.024451470405267,2.4714258528727022
08H018,-1.6581434948293425,-7.702225588535188,-3.6185767042927877,7.50164955135547,-0.7496576500112431,7.786858293478165,-0.8211934322562786,-3.248946803160119,7.205029749602838,1.2588281430379125
08H022,26.138333220406167,6.786805502514185,-4.875690448413737,0.40801082745730577,3.2298262677051777,-8.04889015025714,3.364023543455617,-6.951407999731411,1.7232521587497323,-4.233761483383958
08H033,6.434321935465631,-1.5629296304061135,-2.780718657922741,11.439679265580336,-5.394741240389778,3.565795658872904,1.0203156893112384,-0.6117119965699755,9.687712564479366,1.213454253655221
08H050,4.886847014281916,8.146531250278032,2.4658564896938557,-2.5736177172246504,-0.053380798535841545,-2.786461201141901,1.8005652814619886,1.2072020558164547,0.008760239503182655,-1.4968735148982746
08H054,14.40825618633496,1.0895770354810175,-18.825635866618466,0.5164123269001454,-10.807840114807403,-14.472254249305017,-4.512537018072095,3.074179161783313,2.192556912370404,-0.268298509101887
08H055,-16.507474972877837,-0.06207060183975266,-10.828016877164705,4.844646513932581,-0.48265770857362106,-0.5497840654142211,-2.0891568890608685,2.9109858349693174,1.5764821402705929,0.6389408123887728
08H062,4.325190995076774,-0.05349025176745231,-4.274953769088971,10.775993672078057,0.3041632172316097,0.4922030359214132,1.5088160089034257,-4.33433998423478,-0.8716892741512603,0.8777875538270032
08H087,11.665674378776124,-0.16116797735919086,-11.12806568649159,9.543983234027136,1.4371287206951024,3.1238192158755136,-1.7779356258126906,2.2464325618491743,6.028249235705986,-0.6851834750046205
08H088,5.558252582602625,-3.515785315884883,-7.119946125212646,2.2806287829034537,0.8124312452752036,3.566226870473114,3.970090984392173,-5.11236988714661,4.225965875511975,-0.08573936503871513
08H137,3.1124982895689337,-4.992141068854828,-1.2058874010089808,6.045638426787137,-1.166517035565101,1.1751844247180778,7.689972405077768,0.40027205435715657,-0.45106840891314065,1.8382933428721824
08H138,5.292546081928752,-8.14888960026175,1.9373300461796465,-3.763212301145649,3.3493141692416133,6.103325967545152,0.04502281952638432,-2.8344648506641863,1.9933914806732456,-0.41184044375412443
09H005,-3.8781899729868705,-10.38510182726985,-4.78042163184963,1.0610921334272292,10.68282141458842,-0.134310791374032,-3.025497713558612,-7.510106553148027,3.1158168783929447,5.624004169330508
09H013,-5.823809669539376,-8.268332375658233,0.03050054921664047,-8.19936142833568,-6.346812468275054,3.966725630129961,2.1329831659219622,-4.040856732568934,-2.559357325477012,-1.3842518828143044
09H015,1.0001690397152412,6.02812346565768,-3.1674627144612577,8.549069279147574,4.142915592793376,7.073060083333221,5.8064256670146115,-0.1721383168764989,-0.2826388245830877,-1.561985185809743
09H057,7.081203410115577,9.321201200576578,1.2014662126038886,9.669702772874883,-0.20174717570717096,-1.1275598305274692,5.097921836508058,1.8244514605764472,-4.478408372939696,-0.5175597737486156
09H058,9.52617826770279,4.576232642781234,6.024201664376337,-3.814479162593142,-0.4218688303300502,0.41702801454253785,-1.038662571494912,-0.4868564992930402,3.333496900355941,-5.971800103293601
09H060,7.650909595067378,-10.189789170841205,-3.472734230625483,4.2105162340013305,1.8560540766924414,5.047993288296183,3.9547142012476817,-2.6294481128048233,0.19833476797075927,-0.9566008166974462
09H062,-0.05368550424877677,-3.2161189800525,-8.186537296602426,-9.837724592670739,2.553109587059354,-5.067270783553556,-3.7847129546869027,-9.425885842555466,4.807977412728861,5.34630701716452
09H084,-6.860726410944067,2.346286087155115,-7.284667419252489,2.700365743042947,-10.280300203706393,3.073161917989173,2.1782712623133618,-2.6005467887518847,2.2708643805978834,-0.5901176925967568
09H085,-2.0676289519768125,2.1453717982569134,-5.223084114115069,6.105073401590188,-0.7063101253236754,-1.7912395501351845,1.0880101377355649,5.090274713177603,2.513094180036897,3.1160760256878524
09H089,0.002932616734849125,-0.4291169213541309,-11.143565623740727,0.7345624296377438,-10.004092301408491,7.708524974818037,2.776499612724578,-2.1939496629727593,3.2570891820926433,2.1457071499707023
09H092,-7.135320588420868,-2.2231194772062293,-9.19230115504333,0.4827460836689911,-1.1930337146265204,2.6518504865040735,-0.6191218037322679,-3.5019381544531587,-3.956824529567317,-9.573763335923651
09H094,-10.904178091272797,5.32655524246886,6.526176049075369,3.76160047176566,4.834345373628953,-0.15492970932847083,0.2585176481181044,2.733780150627777,4.795662409865654,-0.6156457541837037
09H119,-7.867171501989208,-3.681556536925516,-3.409876106001989,2.4528558028768477,5.040007208473775,-0.290335226269846,-1.2058885688867789,-4.39670316058993,3.1431442667922127,8.089799542706878
10H001,2.0968910466387145,10.192587355534531,-2.262050770598297,-6.447984238855941,3.6121154962711386,2.9179398670166066,-4.040481571074477,-7.3037398727940746,0.08923881106472131,0.1461881295797801
10H005,15.325038016206484,-15.96032589192151,13.386131493998237,-1.2169495790299867,6.391065483813534,3.7075021443395633,3.106989585088463,2.789058735276682,-6.903121144025452,3.892906033698745
10H007,-1.0743934221241906,-7.21580396469369,1.804998815276384,1.0103275051873382,3.4480645845587246,7.325070059003182,3.32842241966718,-0.7662848586535593,-0.01759409377754506,-0.1834703135987435
10H015,3.884388331310464,-3.533220295441049,-6.172387032465706,7.565753733944451,0.0441657544181171,-9.595561481286786,6.660899990141612,7.485602405564775,-4.879812499832792,8.003796058552139
10H034,14.417114659524044,-2.2210784766339806,-1.422729022038975,9.255895559808884,-4.890594553477173,-7.074646874382248,-4.536531198694719,-4.1859663891552445,8.650195229388887,3.0959527913563543
10H051,-7.014050981773204,-0.9148644109946746,-4.888540270051117,5.258639833991168,-9.000399685726034,7.6909026492269374,4.567093112470745,-3.6236253069168476,2.7088205038263937,-0.7920407180818888
10H053,7.013167297561586,-0.41720131034017494,-7.117262839055835,-12.19665933895665,3.3865722996426793,-6.478615596127867,-7.647810459748595,-4.514883336891818,7.2107561299445795,5.736287285933234
10H078,12.962507332951516,-15.149278595255218,16.82289252700899,4.951849192683305,-1.5795405973505443,-3.3141064340833335,0.40947103561409565,1.2379393561015541,-6.212827885116534,5.13485042495429
10H087,-7.216092006998462,8.157302690649624,2.653208294260287,1.0595687883642193,5.786879294576468,-1.2703386496156828,-5.691305819779376,-1.9582223349553896,-0.3794654774685571,-8.414607813127294
10H106,-4.721764078577307,-6.170419698814883,4.412563222618964,0.4017507681745943,2.9774628626126822,-4.577956819579592,-7.334113956924788,-7.3938265186107595,6.477901947223598,6.593598101990182
10H130,34.75057363144985,8.465366158527214,-7.470587537090602,-0.9397142716779259,-6.378073256281267,-2.96652388038679,-5.620513874315483,2.7140454376480605,9.954783044758054,-0.42183612161094275
10H136,3.985726679941065,6.115621282947577,2.1271262346049546,3.1347008530225784,-0.24488714706546766,-6.533886723973836,-1.8890910324903125,-3.574707976540165,3.0689238742540557,-3.2622609865548116
10H149,1.239563932958942,1.7425941376018883,7.308075117813576,10.913840733012965,-6.513646441043503,-3.812738591866222,4.041274782368775,-2.7455915668940096,1.8181255560915899,3.6035705662450246
10H173,6.9791553081255175,-0.8156981238519365,2.982054254464117,-0.08564651252834474,0.7386066660760594,5.269984583825149,3.01072919744869,-4.598388640992935,-2.1291029174710356,-1.1798361491271203
10H174,7.736464841873523,-1.4523100993907652,1.1983529429730508,2.6570993351677386,1.2921076214457379,2.6329749722157163,0.48482459348127965,-1.721633927677604,1.417923251427093,-2.46980473805474
11H017,3.6314396746101973,-5.209033119593758,-3.346245523045164,-1.5802857044303638,-0.014466734619438204,0.9986915895789824,-2.0021096967745713,-2.157008394780414,6.817406054852365,-3.899009352244584
11H027,0.4237353121862446,-8.591434589123306,6.501265758056936,-2.2046817931702165,9.484881517291896,0.684283804708529,-4.162305969493389,-3.8772218752315606,2.664526474581616,-2.740545522403689
11H044,-18.339722121736674,-7.366475443715878,-7.429105594229354,6.790782755592492,-11.618193741660427,-1.6356008651127527,-4.9363474590011815,-0.07726522509852907,5.325893947459393,1.1895606066852857
11H127,20.43558153844007,3.99289283932998,-5.599876134030049,3.3904280908210107,-16.914945379954396,-3.5796760197704893,-2.1285923965913196,7.893001293598513,4.756588245291876,7.640194932490316
11H132,19.17229204805529,-3.347909994286995,-6.9354039156882905,8.117084344000371,1.6013928424429023,3.8525920982722073,2.217529013703742,-2.0323740103923758,7.126103163126797,4.191949474169496
11H140,19.170951597737734,11.036140596404344,-6.61650073540314,2.109070978877556,-4.496459845668958,-5.0278796051592085,-5.307723808705576,7.579347430996001,3.7240618821148295,-1.8359377117977633
11H145,9.445286534361921,13.057073023743772,-5.685548393206453,4.414164660426094,-12.001731244955284,-0.6847438905241138,-9.027849686431543,9.435951720414018,6.55068210822764,1.5072093365576285
11H157,6.608406924877668,10.665424162991757,1.8912612575898309,-9.444021671441158,-2.4694498912520264,-0.7616902554931025,-1.800210196923419,5.13795169635458,7.256458650064165,-3.3562830083665087
11H175,-8.724163349250347,-0.02533956384381418,6.767411640538753,7.913840999693072,-11.719396286742807,-7.243682246685458,0.9156221639795784,2.5076949277172513,-6.980582494371903,-7.817051892263034
11H177,5.050706915603597,-6.914957469565713,-8.252308325703472,15.355905095134077,-1.6507368442241508,-1.9181909573694786,8.238415820506994,-6.722066477007292,-2.766151168465928,4.005404018962314
11H187,-5.636428605242236,10.761610087927119,-3.3757070705369485,2.8892984260748085,-3.296361505236857,7.919542376671112,4.859858541394139,-3.902637257369742,-2.7654828083664365,0.43108337518077733
11H217,14.386972678834445,14.73116502136496,-2.3388130365852784,-6.839693375842507,2.7930852142569074,-4.01760739932633,1.788536042748261,2.5527441801458126,-0.7707535005074789,-1.3012279747808644
11H231,-10.530049998948043,5.204084334087712,5.173904920036105,-4.204382530038156,4.256353401659214,-3.905435371604677,0.6307119322148512,3.2059311770484165,4.373337938594063,-0.8865409411618903
11H234,-17.647805320147626,3.454301113456939,1.1463473182336525,0.19858189476145388,2.167137597812487,-0.028807177944142948,1.4120086229706625,-0.9893707748815896,3.5356589227203727,0.9372275790101088
12H007,-7.130920110563879,2.7761502337773423,5.8555807765896,-2.1269178795342123,2.371951512201428,-4.605124624091169,1.8783834598142777,1.23390784827432,0.9249977405809927,-1.9298881219858555
12H012,6.451332680806813,-5.23516330191461,0.31585552126818894,10.971487194150185,-0.9195033851958283,-1.3659298952923942,1.5338543188658549,-2.2374885975463616,7.997859568899147,4.04163970951309
12H033,-4.717454718903731,-4.01028119179977,8.850999853195393,-0.7539382137563122,-6.257565441227816,-1.0949373126165065,-0.3008598285975688,-1.7701322242060056,-6.045541069337638,5.354125626916715
12H055,5.120310436616932,-9.037939460881262,6.394577737082013,-9.460016080395176,-2.839070792882386,4.691402282116303,-1.3214068707497406,-3.1729028110897426,-8.107843294574929,-0.14030422630762218
12H058,3.5634256804729927,-10.938482135159385,3.4243628139304443,8.277778636693615,-9.713689633255543,2.852350315744281,-1.542773862371841,-3.800306495993275,6.03166107613885,3.38413221656719
12H106,0.5643386453892291,-0.7949504575112749,-0.7108628509725105,2.907430505900064,6.010491279355356,5.691257403230566,1.1896522844620019,-2.0463620673289333,1.7698630085338893,-1.7370474734181562
12H124,-7.496366764095835,-9.27835524553385,3.7249202622689945,-1.1474759256936267,-2.9409472613671395,8.73947600783993,3.937002419761042,-0.783529779552288,0.0856504492525845,2.241642659763089
12H138,2.0785499386641444,-2.862545343958376,-1.1504595072308443,3.6419708639005295,-2.6889539541581997,-3.3703165221573066,4.931514903725371,-1.9896808967397002,1.2705346146187346,-1.0954219424260827
12H139,-1.7562230456133572,-1.3377910438495728,-1.146615008574326,-6.970267734533884,4.958116577693638,-6.222729368499436,-5.344699102633028,-6.5029097114500605,5.429707411136312,6.583400672427309
12H151,7.124750893363521,10.870362659629212,-2.682359265142117,0.1671155123983944,-3.1290046709193304,9.411567879959142,1.3337115556467696,2.4077866690899796,-2.2169038136719914,-4.755711573875056
12H170,39.6676750509238,-2.8455255163688085,-17.32781103989125,9.69405957336878,10.390123528011276,-17.581381577194296,5.858120845488796,-0.7669931088838489,-7.702613253167319,-1.1910791735445574
12H195,-17.3536261723703,4.912059115686066,8.618654283952102,2.609352567047801,0.44340273192727436,-6.141747481859182,1.168930157719066,4.798277934701486,3.9632793782957885,0.2755097636705569
13H006,-1.741347268527712,-10.482005371647574,4.5035745713403745,6.923394578156974,-10.421282028930923,0.5176215821864462,-1.223081819738204,-3.082982859174732,5.825109348820087,1.8473134148302879
13H009,0.8320281904049575,-3.618539522143518,-2.1080415561937658,9.420317800480689,5.932478405824045,4.814379270052344,3.9314876942402552,-2.353987365435879,-0.28643108015663304,-0.27686678136487863
13H018,-0.3927382250680773,-7.476172916656208,7.497107830118235,1.8313660583200475,-10.291653959412386,1.1221389298845095,-2.009786684265314,-1.9541303621964694,0.6621512698182948,1.2039980781329018
13H046,-5.225168341729804,-7.1774939227453105,7.273225355027857,-3.2069929024322477,-5.049571712206259,4.51446356454858,0.8375434691036452,1.1710993355225492,0.025798696488109285,2.128736890177769
13H053,-4.878397114210084,-4.852527717496537,5.688645838907814,-1.6352457337740074,-2.7020266779796365,7.262080851869575,0.6574955590486892,0.5375752182417061,-6.321212142405634,4.082168201715483
13H065,10.27178295312703,4.808842077494147,4.673946286210343,1.0074801050401714,1.9751634368698805,-3.154003956171996,0.9869192263144538,1.021980614594509,-3.9673305219017467,-2.063104047852485
13H078,-15.02580886318935,-4.4105870524944155,-1.761963903499413,-0.16551247092689297,3.854107767741974,-4.175225490872542,-8.63706704347294,-3.491308501409396,5.561490499912902,6.299782342402198
13H100,9.406835468127106,1.9117146217470353,-1.4229918278916838,4.718163836719857,2.885093060401407,4.647296590666703,1.443180851388862,-5.466779270481432,1.291420168660176,-6.036621083544365
13H101,-8.879218806025733,3.1036681044220007,0.022602059012761078,-1.7900887580717402,4.643430595099751,0.8651667030618331,4.618894670281619,-7.053292445232736,2.4834106022095166,0.6026836585936383
13H104,4.921872121883455,0.8052135165253353,3.4890575228249103,-2.113410651753487,2.2925777598652406,-1.9027997963892738,-3.2441104824140274,-9.75640416815567,4.380875786589746,7.591666153396453
13H107,-8.59972023280175,-3.3900780687409826,8.291828480340861,6.7318475613224,-8.845743177701275,-3.3252284582699128,-1.1240460618489285,1.015206503309509,-5.75253345300725,-5.1151679861388715
13H110,0.09103426780542384,-10.284679688003433,-2.4306858519421035,-5.7670010907580105,-0.5028032761141433,6.672131321205189,2.5745655923097717,-0.30425494415396614,1.629019134947728,0.38009716878223754
13H114,-5.167794544879049,4.221690997622009,6.390808427688218,-3.2131062167932734,0.6731664890454027,-3.673347378461764,1.5055468639471368,0.15735970334552069,5.01882893194765,4.127289145534078
13H120,-0.4803014394313541,-4.715718738485743,8.803552656480713,4.411972910427006,-4.218651212095102,-0.2477710454577905,-2.0484832481836213,-1.0768403419205959,-0.9099169381316212,-3.0687750862772685
13H159,3.2609562957995735,7.004949357929256,-6.7238010434303215,-11.475589625286956,0.5566448310446579,1.9409436779526565,-0.9489660785507443,2.2541220484643136,3.768030826830951,-2.7566963935655027
13H179,-17.14760373172797,-6.2565225012313395,4.280932573901448,1.4732557081097424,-8.002904417421368,-6.9440790641833265,-4.010270348923983,-0.34915199615176185,0.9088821373042132,-1.7210329937366158
13H186,-11.36095395067941,0.8064413104911682,-2.3672323614479875,-7.197411876847208,2.4616502999680976,4.713937258290176,-0.09323401073568294,1.455745490539937,4.237452003510033,-3.270726206572494
14H007,-17.55304451833677,8.108676527726054,9.279909468640787,0.41454743909694314,0.27885360471515447,-5.280520824384202,-1.1662051074994717,2.3445383084809595,1.7892432948342725,-1.165346292473349
14H015,17.472019812235132,3.4210757119504684,2.7613117243220073,-7.740125159882668,-5.040527581765446,-3.103341169737991,4.231728890477573,-0.5077973460339462,1.3332783098297278,-1.3175279758453566
14H023,23.63980700641166,-4.758415938959067,6.50418097339327,10.414571663254291,-3.3707679504114543,-10.147557889683902,4.182776071200616,-1.049674350144439,4.528156217618093,3.1132118221727607
14H038,0.7787443391422479,-3.694511380015115,-3.489172161952384,5.902332186857548,-3.337626941637639,-1.1608020481448653,1.3856628160055933,-3.5710882352270863,3.8545865143523965,-1.3324002077679258
